1,.net,i1
2,java,i2
3,.net,i3
4,java,i4
5,.net,i5
6,java,i6
7,.net,i7
8,java,i8
9,.net,i9
10,java,i10
11,.net,i11
12,java,i12
13,.net,i13
14,java,i14
15,.net,i15
16,java,i16
17,.net,i17
18,java,i18
19,.net,i19
20,java,i20
21,.net,i21
22,java,i22
23,.net,i23
24,java,i24
25,.net,i25
26,java,i26
27,.net,i27
28,java,i28
29,.net,i29
30,java,i30
31,.net,i31
32,java,i32
33,.net,i33
34,java,i34
35,.net,i35
36,java,i36
37,.net,i37
38,java,i38
39,.net,i39
40,java,i40
41,.net,i41
42,java,i42
43,.net,i43
44,java,i44
45,.net,i45
46,java,i46
47,.net,i47
48,java,i48
49,.net,i49
50,java,i50
51,.net,i51
52,java,i52
53,.net,i53
54,java,i54
55,.net,i55
56,java,i56
57,.net,i57
58,java,i58
59,.net,i59
60,java,i60
61,.net,i61
62,java,i62
63,.net,i63
64,java,i64
65,.net,i65
66,java,i66
67,.net,i67
68,java,i68
69,.net,i69
70,java,i70
71,.net,i71
72,java,i72
73,.net,i73
74,java,i74
75,.net,i75
76,java,i76
77,.net,i77
78,java,i78
79,.net,i79
80,java,i80
81,.net,i81
82,java,i82
83,.net,i83
84,java,i84
85,.net,i85
86,java,i86
87,.net,i87
88,java,i88
89,.net,i89
90,java,i90
91,.net,i91
92,java,i92
93,.net,i93
94,java,i94
95,.net,i95
96,java,i96
97,.net,i97
98,java,i98
99,.net,i99
100,java,i100
101,.net,i101
102,java,i102
103,.net,i103
104,java,i104
105,.net,i105
106,java,i106
107,.net,i107
108,java,i108
109,.net,i109
110,java,i110
111,.net,i111
112,java,i112
113,.net,i113
114,java,i114
115,.net,i115
116,java,i116
117,.net,i117
118,java,i118
119,.net,i119
120,java,i120
121,.net,i121
122,java,i122
123,.net,i123
124,java,i124
125,.net,i125
126,java,i126
127,.net,i127
128,java,i128
129,.net,i129
130,java,i130
131,.net,i131
132,java,i132
133,.net,i133
134,java,i134
135,.net,i135
136,java,i136
137,.net,i137
138,java,i138
139,.net,i139
140,java,i140
141,.net,i141
142,java,i142
143,.net,i143
144,java,i144
145,.net,i145
146,java,i146
147,.net,i147
148,java,i148
149,.net,i149
150,java,i150
151,.net,i151
152,java,i152
153,.net,i153
154,java,i154
155,.net,i155
156,java,i156
157,.net,i157
158,java,i158
159,.net,i159
160,java,i160
161,.net,i161
162,java,i162
163,.net,i163
164,java,i164
165,.net,i165
166,java,i166
167,.net,i167
168,java,i168
169,.net,i169
170,java,i170
171,.net,i171
172,java,i172
173,.net,i173
174,java,i174
175,.net,i175
176,java,i176
177,.net,i177
178,java,i178
179,.net,i179
180,java,i180
181,.net,i181
182,java,i182
183,.net,i183
184,java,i184
185,.net,i185
186,java,i186
187,.net,i187
188,java,i188
189,.net,i189
190,java,i190
191,.net,i191
192,java,i192
193,.net,i193
194,java,i194
195,.net,i195
196,java,i196
197,.net,i197
198,java,i198
199,.net,i199
200,java,i200
201,.net,i201
202,java,i202
203,.net,i203
204,java,i204
205,.net,i205
206,java,i206
207,.net,i207
208,java,i208
209,.net,i209
210,java,i210
211,.net,i211
212,java,i212
213,.net,i213
214,java,i214
215,.net,i215
216,java,i216
217,.net,i217
218,java,i218
219,.net,i219
220,java,i220
221,.net,i221
222,java,i222
223,.net,i223
224,java,i224
225,.net,i225
226,java,i226
227,.net,i227
228,java,i228
229,.net,i229
230,java,i230
231,.net,i231
232,java,i232
233,.net,i233
234,java,i234
235,.net,i235
236,java,i236
237,.net,i237
238,java,i238
239,.net,i239
240,java,i240
241,.net,i241
242,java,i242
243,.net,i243
244,java,i244
245,.net,i245
246,java,i246
247,.net,i247
248,java,i248
249,.net,i249
250,java,i250
251,.net,i251
252,java,i252
253,.net,i253
254,java,i254
255,.net,i255
256,java,i256
257,.net,i257
258,java,i258
259,.net,i259
260,java,i260
261,.net,i261
262,java,i262
263,.net,i263
264,java,i264
265,.net,i265
266,java,i266
267,.net,i267
268,java,i268
269,.net,i269
270,java,i270
271,.net,i271
272,java,i272
273,.net,i273
274,java,i274
275,.net,i275
276,java,i276
277,.net,i277
278,java,i278
279,.net,i279
280,java,i280
281,.net,i281
282,java,i282
283,.net,i283
284,java,i284
285,.net,i285
286,java,i286
287,.net,i287
288,java,i288
289,.net,i289
290,java,i290
291,.net,i291
292,java,i292
293,.net,i293
294,java,i294
295,.net,i295
296,java,i296
297,.net,i297
298,java,i298
299,.net,i299
300,java,i300
301,.net,i301
302,java,i302
303,.net,i303
304,java,i304
305,.net,i305
306,java,i306
307,.net,i307
308,java,i308
309,.net,i309
310,java,i310
311,.net,i311
312,java,i312
313,.net,i313
314,java,i314
315,.net,i315
316,java,i316
317,.net,i317
318,java,i318
319,.net,i319
320,java,i320
321,.net,i321
322,java,i322
323,.net,i323
324,java,i324
325,.net,i325
326,java,i326
327,.net,i327
328,java,i328
329,.net,i329
330,java,i330
331,.net,i331
332,java,i332
333,.net,i333
334,java,i334
335,.net,i335
336,java,i336
337,.net,i337
338,java,i338
339,.net,i339
340,java,i340
341,.net,i341
342,java,i342
343,.net,i343
344,java,i344
345,.net,i345
346,java,i346
347,.net,i347
348,java,i348
349,.net,i349
350,java,i350
351,.net,i351
352,java,i352
353,.net,i353
354,java,i354
355,.net,i355
356,java,i356
357,.net,i357
358,java,i358
359,.net,i359
360,java,i360
361,.net,i361
362,java,i362
363,.net,i363
364,java,i364
365,.net,i365
366,java,i366
367,.net,i367
368,java,i368
369,.net,i369
370,java,i370
371,.net,i371
372,java,i372
373,.net,i373
374,java,i374
375,.net,i375
376,java,i376
377,.net,i377
378,java,i378
379,.net,i379
380,java,i380
381,.net,i381
382,java,i382
383,.net,i383
384,java,i384
385,.net,i385
386,java,i386
387,.net,i387
388,java,i388
389,.net,i389
390,java,i390
391,.net,i391
392,java,i392
393,.net,i393
394,java,i394
395,.net,i395
396,java,i396
397,.net,i397
398,java,i398
399,.net,i399
400,java,i400
401,.net,i401
402,java,i402
403,.net,i403
404,java,i404
405,.net,i405
406,java,i406
407,.net,i407
408,java,i408
409,.net,i409
410,java,i410
411,.net,i411
412,java,i412
413,.net,i413
414,java,i414
415,.net,i415
416,java,i416
417,.net,i417
418,java,i418
419,.net,i419
420,java,i420
421,.net,i421
422,java,i422
423,.net,i423
424,java,i424
425,.net,i425
426,java,i426
427,.net,i427
428,java,i428
429,.net,i429
430,java,i430
431,.net,i431
432,java,i432
433,.net,i433
434,java,i434
435,.net,i435
436,java,i436
437,.net,i437
438,java,i438
439,.net,i439
440,java,i440
441,.net,i441
442,java,i442
443,.net,i443
444,java,i444
445,.net,i445
446,java,i446
447,.net,i447
448,java,i448
449,.net,i449
450,java,i450
451,.net,i451
452,java,i452
453,.net,i453
454,java,i454
455,.net,i455
456,java,i456
457,.net,i457
458,java,i458
459,.net,i459
460,java,i460
461,.net,i461
462,java,i462
463,.net,i463
464,java,i464
465,.net,i465
466,java,i466
467,.net,i467
468,java,i468
469,.net,i469
470,java,i470
471,.net,i471
472,java,i472
473,.net,i473
474,java,i474
475,.net,i475
476,java,i476
477,.net,i477
478,java,i478
479,.net,i479
480,java,i480
481,.net,i481
482,java,i482
483,.net,i483
484,java,i484
485,.net,i485
486,java,i486
487,.net,i487
488,java,i488
489,.net,i489
490,java,i490
491,.net,i491
492,java,i492
493,.net,i493
494,java,i494
495,.net,i495
496,java,i496
497,.net,i497
498,java,i498
499,.net,i499
500,java,i500
501,.net,i501
502,java,i502
503,.net,i503
504,java,i504
505,.net,i505
506,java,i506
507,.net,i507
508,java,i508
509,.net,i509
510,java,i510
511,.net,i511
512,java,i512
513,.net,i513
514,java,i514
515,.net,i515
516,java,i516
517,.net,i517
518,java,i518
519,.net,i519
520,java,i520
521,.net,i521
522,java,i522
523,.net,i523
524,java,i524
525,.net,i525
526,java,i526
527,.net,i527
528,java,i528
529,.net,i529
530,java,i530
531,.net,i531
532,java,i532
533,.net,i533
534,java,i534
535,.net,i535
536,java,i536
537,.net,i537
538,java,i538
539,.net,i539
540,java,i540
541,.net,i541
542,java,i542
543,.net,i543
544,java,i544
545,.net,i545
546,java,i546
547,.net,i547
548,java,i548
549,.net,i549
550,java,i550
551,.net,i551
552,java,i552
553,.net,i553
554,java,i554
555,.net,i555
556,java,i556
557,.net,i557
558,java,i558
559,.net,i559
560,java,i560
561,.net,i561
562,java,i562
563,.net,i563
564,java,i564
565,.net,i565
566,java,i566
567,.net,i567
568,java,i568
569,.net,i569
570,java,i570
571,.net,i571
572,java,i572
573,.net,i573
574,java,i574
575,.net,i575
576,java,i576
577,.net,i577
578,java,i578
579,.net,i579
580,java,i580
581,.net,i581
582,java,i582
583,.net,i583
584,java,i584
585,.net,i585
586,java,i586
587,.net,i587
588,java,i588
589,.net,i589
590,java,i590
591,.net,i591
592,java,i592
593,.net,i593
594,java,i594
595,.net,i595
596,java,i596
597,.net,i597
598,java,i598
599,.net,i599
600,java,i600
601,.net,i601
602,java,i602
603,.net,i603
604,java,i604
605,.net,i605
606,java,i606
607,.net,i607
608,java,i608
609,.net,i609
610,java,i610
611,.net,i611
612,java,i612
613,.net,i613
614,java,i614
615,.net,i615
616,java,i616
617,.net,i617
618,java,i618
619,.net,i619
620,java,i620
621,.net,i621
622,java,i622
623,.net,i623
624,java,i624
625,.net,i625
626,java,i626
627,.net,i627
628,java,i628
629,.net,i629
630,java,i630
631,.net,i631
632,java,i632
633,.net,i633
634,java,i634
635,.net,i635
636,java,i636
637,.net,i637
638,java,i638
639,.net,i639
640,java,i640
641,.net,i641
642,java,i642
643,.net,i643
644,java,i644
645,.net,i645
646,java,i646
647,.net,i647
648,java,i648
649,.net,i649
650,java,i650
651,.net,i651
652,java,i652
653,.net,i653
654,java,i654
655,.net,i655
656,java,i656
657,.net,i657
658,java,i658
659,.net,i659
660,java,i660
661,.net,i661
662,java,i662
663,.net,i663
664,java,i664
665,.net,i665
666,java,i666
667,.net,i667
668,java,i668
669,.net,i669
670,java,i670
671,.net,i671
672,java,i672
673,.net,i673
674,java,i674
675,.net,i675
676,java,i676
677,.net,i677
678,java,i678
679,.net,i679
680,java,i680
681,.net,i681
682,java,i682
683,.net,i683
684,java,i684
685,.net,i685
686,java,i686
687,.net,i687
688,java,i688
689,.net,i689
690,java,i690
691,.net,i691
692,java,i692
693,.net,i693
694,java,i694
695,.net,i695
696,java,i696
697,.net,i697
698,java,i698
699,.net,i699
700,java,i700
701,.net,i701
702,java,i702
703,.net,i703
704,java,i704
705,.net,i705
706,java,i706
707,.net,i707
708,java,i708
709,.net,i709
710,java,i710
711,.net,i711
712,java,i712
713,.net,i713
714,java,i714
715,.net,i715
716,java,i716
717,.net,i717
718,java,i718
719,.net,i719
720,java,i720
721,.net,i721
722,java,i722
723,.net,i723
724,java,i724
725,.net,i725
726,java,i726
727,.net,i727
728,java,i728
729,.net,i729
730,java,i730
731,.net,i731
732,java,i732
733,.net,i733
734,java,i734
735,.net,i735
736,java,i736
737,.net,i737
738,java,i738
739,.net,i739
740,java,i740
741,.net,i741
742,java,i742
743,.net,i743
744,java,i744
745,.net,i745
746,java,i746
747,.net,i747
748,java,i748
749,.net,i749
750,java,i750
751,.net,i751
752,java,i752
753,.net,i753
754,java,i754
755,.net,i755
756,java,i756
757,.net,i757
758,java,i758
759,.net,i759
760,java,i760
761,.net,i761
762,java,i762
763,.net,i763
764,java,i764
765,.net,i765
766,java,i766
767,.net,i767
768,java,i768
769,.net,i769
770,java,i770
771,.net,i771
772,java,i772
773,.net,i773
774,java,i774
775,.net,i775
776,java,i776
777,.net,i777
778,java,i778
779,.net,i779
780,java,i780
781,.net,i781
782,java,i782
783,.net,i783
784,java,i784
785,.net,i785
786,java,i786
787,.net,i787
788,java,i788
789,.net,i789
790,java,i790
791,.net,i791
792,java,i792
793,.net,i793
794,java,i794
795,.net,i795
796,java,i796
797,.net,i797
798,java,i798
799,.net,i799
800,java,i800
801,.net,i801
802,java,i802
803,.net,i803
804,java,i804
805,.net,i805
806,java,i806
807,.net,i807
808,java,i808
809,.net,i809
810,java,i810
811,.net,i811
812,java,i812
813,.net,i813
814,java,i814
815,.net,i815
816,java,i816
817,.net,i817
818,java,i818
819,.net,i819
820,java,i820
821,.net,i821
822,java,i822
823,.net,i823
824,java,i824
825,.net,i825
826,java,i826
827,.net,i827
828,java,i828
829,.net,i829
830,java,i830
831,.net,i831
832,java,i832
833,.net,i833
834,java,i834
835,.net,i835
836,java,i836
837,.net,i837
838,java,i838
839,.net,i839
840,java,i840
841,.net,i841
842,java,i842
843,.net,i843
844,java,i844
845,.net,i845
846,java,i846
847,.net,i847
848,java,i848
849,.net,i849
850,java,i850
851,.net,i851
852,java,i852
853,.net,i853
854,java,i854
855,.net,i855
856,java,i856
857,.net,i857
858,java,i858
859,.net,i859
860,java,i860
861,.net,i861
862,java,i862
863,.net,i863
864,java,i864
865,.net,i865
866,java,i866
867,.net,i867
868,java,i868
869,.net,i869
870,java,i870
871,.net,i871
872,java,i872
873,.net,i873
874,java,i874
875,.net,i875
876,java,i876
877,.net,i877
878,java,i878
879,.net,i879
880,java,i880
881,.net,i881
882,java,i882
883,.net,i883
884,java,i884
885,.net,i885
886,java,i886
887,.net,i887
888,java,i888
889,.net,i889
890,java,i890
891,.net,i891
892,java,i892
893,.net,i893
894,java,i894
895,.net,i895
896,java,i896
897,.net,i897
898,java,i898
899,.net,i899
900,java,i900
901,.net,i901
902,java,i902
903,.net,i903
904,java,i904
905,.net,i905
906,java,i906
907,.net,i907
908,java,i908
909,.net,i909
910,java,i910
911,.net,i911
912,java,i912
913,.net,i913
914,java,i914
915,.net,i915
916,java,i916
917,.net,i917
918,java,i918
919,.net,i919
920,java,i920
921,.net,i921
922,java,i922
923,.net,i923
924,java,i924
925,.net,i925
926,java,i926
927,.net,i927
928,java,i928
929,.net,i929
930,java,i930
931,.net,i931
932,java,i932
933,.net,i933
934,java,i934
935,.net,i935
936,java,i936
937,.net,i937
938,java,i938
939,.net,i939
940,java,i940
941,.net,i941
942,java,i942
943,.net,i943
944,java,i944
945,.net,i945
946,java,i946
947,.net,i947
948,java,i948
949,.net,i949
950,java,i950
951,.net,i951
952,java,i952
953,.net,i953
954,java,i954
955,.net,i955
956,java,i956
957,.net,i957
958,java,i958
959,.net,i959
960,java,i960
961,.net,i961
962,java,i962
963,.net,i963
964,java,i964
965,.net,i965
966,java,i966
967,.net,i967
968,java,i968
969,.net,i969
970,java,i970
971,.net,i971
972,java,i972
973,.net,i973
974,java,i974
975,.net,i975
976,java,i976
977,.net,i977
978,java,i978
979,.net,i979
980,java,i980
981,.net,i981
982,java,i982
983,.net,i983
984,java,i984
985,.net,i985
986,java,i986
987,.net,i987
988,java,i988
989,.net,i989
990,java,i990
991,.net,i991
992,java,i992
993,.net,i993
994,java,i994
995,.net,i995
996,java,i996
997,.net,i997
998,java,i998
999,.net,i999
1000,java,i1000
